TeamNameA,TeamNameB,Pred
Akron,Alabama,31%
Akron,Arizona,39%
Akron,Arkansas,51%
Akron,Auburn,38%
Akron,Baylor,61%
Akron,Boise St,38%
Akron,Bryant,26%
Akron,Chattanooga,32%
Akron,Colgate,22%
Akron,Colorado St,44%
Akron,Connecticut,36%
Akron,Creighton,44%
Akron,CS Fullerton,41%
Akron,Davidson,47%
Akron,Delaware,34%
Akron,Duke,33%
Akron,Georgia St,50%
Akron,Gonzaga,41%
Akron,Houston,42%
Akron,Illinois,36%
Akron,Indiana,50%
Akron,Iowa,21%
Akron,Iowa St,40%
Akron,Jacksonville St,19%
Akron,Kansas,42%
Akron,Kentucky,40%
Akron,Longwood,29%
Akron,Loyola-Chicago,39%
Akron,LSU,24%
Akron,Marquette,38%
Akron,Memphis,41%
Akron,Miami FL,58%
Akron,Michigan,31%
Akron,Michigan St,32%
Akron,Montana St,31%
Akron,Murray St,39%
Akron,New Mexico St,34%
Akron,Norfolk St,46%
Akron,North Carolina,63%
Akron,Notre Dame,41%
Akron,Ohio St,34%
Akron,Providence,40%
Akron,Purdue,33%
Akron,Richmond,58%
Akron,Rutgers,49%
Akron,S Dakota St,22%
Akron,San Diego St,32%
Akron,San Francisco,27%
Akron,Seton Hall,30%
Akron,St Mary's CA,36%
Akron,St Peter's,60%
Akron,TAM C. Christi,49%
Akron,TCU,36%
Akron,Tennessee,55%
Akron,Texas,42%
Akron,Texas Tech,47%
Akron,TX Southern,54%
Akron,UAB,26%
Akron,UCLA,28%
Akron,USC,52%
Akron,Vermont,39%
Akron,Villanova,49%
Akron,Virginia Tech,39%
Akron,Wisconsin,52%
Akron,Wright St,11%
Akron,Wyoming,51%
Akron,Yale,40%
Alabama,Arizona,58%
Alabama,Arkansas,71%
Alabama,Auburn,57%
Alabama,Baylor,80%
Alabama,Boise St,59%
Alabama,Bryant,45%
Alabama,Chattanooga,52%
Alabama,Colgate,42%
Alabama,Colorado St,64%
Alabama,Connecticut,56%
Alabama,Creighton,64%
Alabama,CS Fullerton,62%
Alabama,Davidson,66%
Alabama,Delaware,55%
Alabama,Duke,51%
Alabama,Georgia St,71%
Alabama,Gonzaga,61%
Alabama,Houston,61%
Alabama,Illinois,55%
Alabama,Indiana,72%
Alabama,Iowa,42%
Alabama,Iowa St,59%
Alabama,Jacksonville St,40%
Alabama,Kansas,60%
Alabama,Kentucky,59%
Alabama,Longwood,50%
Alabama,Loyola-Chicago,59%
Alabama,LSU,46%
Alabama,Marquette,59%
Alabama,Memphis,61%
Alabama,Miami FL,77%
Alabama,Michigan,51%
Alabama,Michigan St,54%
Alabama,Montana St,52%
Alabama,Murray St,58%
Alabama,New Mexico St,54%
Alabama,Norfolk St,65%
Alabama,North Carolina,83%
Alabama,Notre Dame,61%
Alabama,Ohio St,55%
Alabama,Providence,62%
Alabama,Purdue,52%
Alabama,Richmond,80%
Alabama,Rutgers,70%
Alabama,S Dakota St,41%
Alabama,San Diego St,53%
Alabama,San Francisco,47%
Alabama,Seton Hall,51%
Alabama,St Mary's CA,56%
Alabama,St Peter's,79%
Alabama,TAM C. Christi,69%
Alabama,TCU,56%
Alabama,Tennessee,75%
Alabama,Texas,62%
Alabama,Texas Tech,67%
Alabama,TX Southern,73%
Alabama,UAB,46%
Alabama,UCLA,48%
Alabama,USC,73%
Alabama,Vermont,59%
Alabama,Villanova,68%
Alabama,Virginia Tech,58%
Alabama,Wisconsin,72%
Alabama,Wright St,31%
Alabama,Wyoming,73%
Alabama,Yale,60%
Arizona,Arkansas,81%
Arizona,Auburn,68%
Arizona,Baylor,90%
Arizona,Boise St,69%
Arizona,Bryant,55%
Arizona,Chattanooga,62%
Arizona,Colgate,52%
Arizona,Colorado St,76%
Arizona,Connecticut,69%
Arizona,Creighton,75%
Arizona,CS Fullerton,72%
Arizona,Davidson,78%
Arizona,Delaware,65%
Arizona,Duke,62%
Arizona,Georgia St,81%
Arizona,Gonzaga,72%
Arizona,Houston,73%
Arizona,Illinois,65%
Arizona,Indiana,82%
Arizona,Iowa,53%
Arizona,Iowa St,70%
Arizona,Jacksonville St,51%
Arizona,Kansas,71%
Arizona,Kentucky,70%
Arizona,Longwood,59%
Arizona,Loyola-Chicago,71%
Arizona,LSU,58%
Arizona,Marquette,70%
Arizona,Memphis,72%
Arizona,Miami FL,88%
Arizona,Michigan,62%
Arizona,Michigan St,63%
Arizona,Montana St,63%
Arizona,Murray St,68%
Arizona,New Mexico St,64%
Arizona,Norfolk St,76%
Arizona,North Carolina,94%
Arizona,Notre Dame,73%
Arizona,Ohio St,66%
Arizona,Providence,71%
Arizona,Purdue,63%
Arizona,Richmond,89%
Arizona,Rutgers,79%
Arizona,S Dakota St,51%
Arizona,San Diego St,65%
Arizona,San Francisco,59%
Arizona,Seton Hall,62%
Arizona,St Mary's CA,67%
Arizona,St Peter's,90%
Arizona,TAM C. Christi,80%
Arizona,TCU,67%
Arizona,Tennessee,86%
Arizona,Texas,72%
Arizona,Texas Tech,78%
Arizona,TX Southern,84%
Arizona,UAB,56%
Arizona,UCLA,61%
Arizona,USC,83%
Arizona,Vermont,70%
Arizona,Villanova,78%
Arizona,Virginia Tech,69%
Arizona,Wisconsin,82%
Arizona,Wright St,41%
Arizona,Wyoming,81%
Arizona,Yale,71%
Arkansas,Auburn,28%
Arkansas,Baylor,50%
Arkansas,Boise St,30%
Arkansas,Bryant,16%
Arkansas,Chattanooga,23%
Arkansas,Colgate,13%
Arkansas,Colorado St,35%
Arkansas,Connecticut,28%
Arkansas,Creighton,35%
Arkansas,CS Fullerton,32%
Arkansas,Davidson,38%
Arkansas,Delaware,25%
Arkansas,Duke,23%
Arkansas,Georgia St,39%
Arkansas,Gonzaga,29%
Arkansas,Houston,34%
Arkansas,Illinois,26%
Arkansas,Indiana,43%
Arkansas,Iowa,14%
Arkansas,Iowa St,30%
Arkansas,Jacksonville St,11%
Arkansas,Kansas,30%
Arkansas,Kentucky,31%
Arkansas,Longwood,19%
Arkansas,Loyola-Chicago,31%
Arkansas,LSU,18%
Arkansas,Marquette,30%
Arkansas,Memphis,33%
Arkansas,Miami FL,48%
Arkansas,Michigan,22%
Arkansas,Michigan St,22%
Arkansas,Montana St,23%
Arkansas,Murray St,29%
Arkansas,New Mexico St,25%
Arkansas,Norfolk St,36%
Arkansas,North Carolina,54%
Arkansas,Notre Dame,34%
Arkansas,Ohio St,27%
Arkansas,Providence,30%
Arkansas,Purdue,22%
Arkansas,Richmond,48%
Arkansas,Rutgers,40%
Arkansas,S Dakota St,12%
Arkansas,San Diego St,24%
Arkansas,San Francisco,19%
Arkansas,Seton Hall,21%
Arkansas,St Mary's CA,27%
Arkansas,St Peter's,50%
Arkansas,TAM C. Christi,40%
Arkansas,TCU,26%
Arkansas,Tennessee,47%
Arkansas,Texas,33%
Arkansas,Texas Tech,38%
Arkansas,TX Southern,44%
Arkansas,UAB,17%
Arkansas,UCLA,22%
Arkansas,USC,41%
Arkansas,Vermont,30%
Arkansas,Villanova,39%
Arkansas,Virginia Tech,30%
Arkansas,Wisconsin,42%
Arkansas,Wright St,2%
Arkansas,Wyoming,41%
Arkansas,Yale,30%
Auburn,Baylor,87%
Auburn,Boise St,65%
Auburn,Bryant,51%
Auburn,Chattanooga,57%
Auburn,Colgate,48%
Auburn,Colorado St,72%
Auburn,Connecticut,65%
Auburn,Creighton,70%
Auburn,CS Fullerton,67%
Auburn,Davidson,73%
Auburn,Delaware,61%
Auburn,Duke,58%
Auburn,Georgia St,78%
Auburn,Gonzaga,67%
Auburn,Houston,69%
Auburn,Illinois,62%
Auburn,Indiana,77%
Auburn,Iowa,50%
Auburn,Iowa St,66%
Auburn,Jacksonville St,47%
Auburn,Kansas,66%
Auburn,Kentucky,66%
Auburn,Longwood,57%
Auburn,Loyola-Chicago,67%
Auburn,LSU,53%
Auburn,Marquette,66%
Auburn,Memphis,67%
Auburn,Miami FL,85%
Auburn,Michigan,58%
Auburn,Michigan St,61%
Auburn,Montana St,59%
Auburn,Murray St,63%
Auburn,New Mexico St,60%
Auburn,Norfolk St,72%
Auburn,North Carolina,90%
Auburn,Notre Dame,68%
Auburn,Ohio St,62%
Auburn,Providence,68%
Auburn,Purdue,59%
Auburn,Richmond,86%
Auburn,Rutgers,75%
Auburn,S Dakota St,46%
Auburn,San Diego St,61%
Auburn,San Francisco,55%
Auburn,Seton Hall,58%
Auburn,St Mary's CA,63%
Auburn,St Peter's,86%
Auburn,TAM C. Christi,76%
Auburn,TCU,63%
Auburn,Tennessee,82%
Auburn,Texas,69%
Auburn,Texas Tech,74%
Auburn,TX Southern,80%
Auburn,UAB,51%
Auburn,UCLA,57%
Auburn,USC,80%
Auburn,Vermont,65%
Auburn,Villanova,74%
Auburn,Virginia Tech,64%
Auburn,Wisconsin,77%
Auburn,Wright St,37%
Auburn,Wyoming,79%
Auburn,Yale,66%
Baylor,Boise St,51%
Baylor,Bryant,37%
Baylor,Chattanooga,44%
Baylor,Colgate,34%
Baylor,Colorado St,57%
Baylor,Connecticut,50%
Baylor,Creighton,56%
Baylor,CS Fullerton,53%
Baylor,Davidson,59%
Baylor,Delaware,47%
Baylor,Duke,44%
Baylor,Georgia St,62%
Baylor,Gonzaga,52%
Baylor,Houston,55%
Baylor,Illinois,47%
Baylor,Indiana,64%
Baylor,Iowa,34%
Baylor,Iowa St,52%
Baylor,Jacksonville St,32%
Baylor,Kansas,52%
Baylor,Kentucky,52%
Baylor,Longwood,41%
Baylor,Loyola-Chicago,53%
Baylor,LSU,40%
Baylor,Marquette,52%
Baylor,Memphis,53%
Baylor,Miami FL,70%
Baylor,Michigan,43%
Baylor,Michigan St,44%
Baylor,Montana St,44%
Baylor,Murray St,49%
Baylor,New Mexico St,46%
Baylor,Norfolk St,58%
Baylor,North Carolina,76%
Baylor,Notre Dame,54%
Baylor,Ohio St,48%
Baylor,Providence,52%
Baylor,Purdue,44%
Baylor,Richmond,70%
Baylor,Rutgers,61%
Baylor,S Dakota St,33%
Baylor,San Diego St,47%
Baylor,San Francisco,41%
Baylor,Seton Hall,43%
Baylor,St Mary's CA,49%
Baylor,St Peter's,71%
Baylor,TAM C. Christi,61%
Baylor,TCU,48%
Baylor,Tennessee,67%
Baylor,Texas,54%
Baylor,Texas Tech,60%
Baylor,TX Southern,65%
Baylor,UAB,37%
Baylor,UCLA,43%
Baylor,USC,64%
Baylor,Vermont,51%
Baylor,Villanova,60%
Baylor,Virginia Tech,50%
Baylor,Wisconsin,63%
Baylor,Wright St,23%
Baylor,Wyoming,63%
Baylor,Yale,51%
Boise St,Bryant,37%
Boise St,Chattanooga,44%
Boise St,Colgate,34%
Boise St,Colorado St,55%
Boise St,Connecticut,48%
Boise St,Creighton,56%
Boise St,CS Fullerton,54%
Boise St,Davidson,58%
Boise St,Delaware,47%
Boise St,Duke,43%
Boise St,Georgia St,62%
Boise St,Gonzaga,51%
Boise St,Houston,53%
Boise St,Illinois,46%
Boise St,Indiana,64%
Boise St,Iowa,33%
Boise St,Iowa St,51%
Boise St,Jacksonville St,32%
Boise St,Kansas,52%
Boise St,Kentucky,51%
Boise St,Longwood,41%
Boise St,Loyola-Chicago,51%
Boise St,LSU,38%
Boise St,Marquette,51%
Boise St,Memphis,53%
Boise St,Miami FL,68%
Boise St,Michigan,43%
Boise St,Michigan St,45%
Boise St,Montana St,44%
Boise St,Murray St,50%
Boise St,New Mexico St,46%
Boise St,Norfolk St,57%
Boise St,North Carolina,74%
Boise St,Notre Dame,53%
Boise St,Ohio St,47%
Boise St,Providence,53%
Boise St,Purdue,43%
Boise St,Richmond,71%
Boise St,Rutgers,61%
Boise St,S Dakota St,33%
Boise St,San Diego St,45%
Boise St,San Francisco,39%
Boise St,Seton Hall,42%
Boise St,St Mary's CA,48%
Boise St,St Peter's,71%
Boise St,TAM C. Christi,61%
Boise St,TCU,48%
Boise St,Tennessee,67%
Boise St,Texas,54%
Boise St,Texas Tech,59%
Boise St,TX Southern,65%
Boise St,UAB,38%
Boise St,UCLA,40%
Boise St,USC,64%
Boise St,Vermont,50%
Boise St,Villanova,60%
Boise St,Virginia Tech,50%
Boise St,Wisconsin,64%
Boise St,Wright St,23%
Boise St,Wyoming,64%
Boise St,Yale,52%
Bryant,Chattanooga,46%
Bryant,Colgate,36%
Bryant,Colorado St,58%
Bryant,Connecticut,51%
Bryant,Creighton,59%
Bryant,CS Fullerton,57%
Bryant,Davidson,61%
Bryant,Delaware,50%
Bryant,Duke,47%
Bryant,Georgia St,71%
Bryant,Gonzaga,56%
Bryant,Houston,56%
Bryant,Illinois,50%
Bryant,Indiana,64%
Bryant,Iowa,36%
Bryant,Iowa St,55%
Bryant,Jacksonville St,34%
Bryant,Kansas,56%
Bryant,Kentucky,54%
Bryant,Longwood,47%
Bryant,Loyola-Chicago,54%
Bryant,LSU,39%
Bryant,Marquette,53%
Bryant,Memphis,56%
Bryant,Miami FL,72%
Bryant,Michigan,45%
Bryant,Michigan St,51%
Bryant,Montana St,45%
Bryant,Murray St,53%
Bryant,New Mexico St,49%
Bryant,Norfolk St,61%
Bryant,North Carolina,77%
Bryant,Notre Dame,56%
Bryant,Ohio St,48%
Bryant,Providence,59%
Bryant,Purdue,47%
Bryant,Richmond,78%
Bryant,Rutgers,63%
Bryant,S Dakota St,36%
Bryant,San Diego St,46%
Bryant,San Francisco,42%
Bryant,Seton Hall,47%
Bryant,St Mary's CA,51%
Bryant,St Peter's,75%
Bryant,TAM C. Christi,64%
Bryant,TCU,53%
Bryant,Tennessee,70%
Bryant,Texas,56%
Bryant,Texas Tech,62%
Bryant,TX Southern,68%
Bryant,UAB,40%
Bryant,UCLA,43%
Bryant,USC,71%
Bryant,Vermont,53%
Bryant,Villanova,64%
Bryant,Virginia Tech,53%
Bryant,Wisconsin,68%
Bryant,Wright St,25%
Bryant,Wyoming,69%
Bryant,Yale,59%
Chattanooga,Colgate,34%
Chattanooga,Colorado St,55%
Chattanooga,Connecticut,47%
Chattanooga,Creighton,55%
Chattanooga,CS Fullerton,54%
Chattanooga,Davidson,58%
Chattanooga,Delaware,47%
Chattanooga,Duke,44%
Chattanooga,Georgia St,64%
Chattanooga,Gonzaga,57%
Chattanooga,Houston,53%
Chattanooga,Illinois,46%
Chattanooga,Indiana,61%
Chattanooga,Iowa,33%
Chattanooga,Iowa St,53%
Chattanooga,Jacksonville St,31%
Chattanooga,Kansas,54%
Chattanooga,Kentucky,51%
Chattanooga,Longwood,42%
Chattanooga,Loyola-Chicago,50%
Chattanooga,LSU,35%
Chattanooga,Marquette,49%
Chattanooga,Memphis,52%
Chattanooga,Miami FL,69%
Chattanooga,Michigan,42%
Chattanooga,Michigan St,45%
Chattanooga,Montana St,42%
Chattanooga,Murray St,49%
Chattanooga,New Mexico St,46%
Chattanooga,Norfolk St,57%
Chattanooga,North Carolina,74%
Chattanooga,Notre Dame,52%
Chattanooga,Ohio St,45%
Chattanooga,Providence,53%
Chattanooga,Purdue,44%
Chattanooga,Richmond,71%
Chattanooga,Rutgers,60%
Chattanooga,S Dakota St,33%
Chattanooga,San Diego St,43%
Chattanooga,San Francisco,39%
Chattanooga,Seton Hall,42%
Chattanooga,St Mary's CA,47%
Chattanooga,St Peter's,71%
Chattanooga,TAM C. Christi,61%
Chattanooga,TCU,49%
Chattanooga,Tennessee,67%
Chattanooga,Texas,54%
Chattanooga,Texas Tech,58%
Chattanooga,TX Southern,65%
Chattanooga,UAB,37%
Chattanooga,UCLA,39%
Chattanooga,USC,65%
Chattanooga,Vermont,50%
Chattanooga,Villanova,61%
Chattanooga,Virginia Tech,50%
Chattanooga,Wisconsin,63%
Chattanooga,Wright St,23%
Chattanooga,Wyoming,64%
Chattanooga,Yale,53%
Colgate,Colorado St,79%
Colgate,Connecticut,71%
Colgate,Creighton,79%
Colgate,CS Fullerton,77%
Colgate,Davidson,82%
Colgate,Delaware,70%
Colgate,Duke,68%
Colgate,Georgia St,89%
Colgate,Gonzaga,75%
Colgate,Houston,77%
Colgate,Illinois,71%
Colgate,Indiana,85%
Colgate,Iowa,56%
Colgate,Iowa St,76%
Colgate,Jacksonville St,54%
Colgate,Kansas,75%
Colgate,Kentucky,74%
Colgate,Longwood,65%
Colgate,Loyola-Chicago,75%
Colgate,LSU,59%
Colgate,Marquette,73%
Colgate,Memphis,76%
Colgate,Miami FL,93%
Colgate,Michigan,66%
Colgate,Michigan St,70%
Colgate,Montana St,65%
Colgate,Murray St,73%
Colgate,New Mexico St,69%
Colgate,Norfolk St,81%
Colgate,North Carolina,98%
Colgate,Notre Dame,76%
Colgate,Ohio St,68%
Colgate,Providence,77%
Colgate,Purdue,67%
Colgate,Richmond,96%
Colgate,Rutgers,84%
Colgate,S Dakota St,56%
Colgate,San Diego St,68%
Colgate,San Francisco,62%
Colgate,Seton Hall,67%
Colgate,St Mary's CA,72%
Colgate,St Peter's,95%
Colgate,TAM C. Christi,84%
Colgate,TCU,73%
Colgate,Tennessee,90%
Colgate,Texas,77%
Colgate,Texas Tech,82%
Colgate,TX Southern,88%
Colgate,UAB,60%
Colgate,UCLA,63%
Colgate,USC,91%
Colgate,Vermont,74%
Colgate,Villanova,83%
Colgate,Virginia Tech,73%
Colgate,Wisconsin,88%
Colgate,Wright St,46%
Colgate,Wyoming,87%
Colgate,Yale,77%
Colorado St,Connecticut,44%
Colorado St,Creighton,51%
Colorado St,CS Fullerton,49%
Colorado St,Davidson,53%
Colorado St,Delaware,42%
Colorado St,Duke,39%
Colorado St,Georgia St,58%
Colorado St,Gonzaga,46%
Colorado St,Houston,49%
Colorado St,Illinois,42%
Colorado St,Indiana,60%
Colorado St,Iowa,29%
Colorado St,Iowa St,47%
Colorado St,Jacksonville St,28%
Colorado St,Kansas,46%
Colorado St,Kentucky,46%
Colorado St,Longwood,36%
Colorado St,Loyola-Chicago,47%
Colorado St,LSU,34%
Colorado St,Marquette,46%
Colorado St,Memphis,48%
Colorado St,Miami FL,64%
Colorado St,Michigan,38%
Colorado St,Michigan St,41%
Colorado St,Montana St,40%
Colorado St,Murray St,46%
Colorado St,New Mexico St,41%
Colorado St,Norfolk St,53%
Colorado St,North Carolina,70%
Colorado St,Notre Dame,49%
Colorado St,Ohio St,42%
Colorado St,Providence,49%
Colorado St,Purdue,39%
Colorado St,Richmond,67%
Colorado St,Rutgers,57%
Colorado St,S Dakota St,28%
Colorado St,San Diego St,41%
Colorado St,San Francisco,35%
Colorado St,Seton Hall,39%
Colorado St,St Mary's CA,44%
Colorado St,St Peter's,67%
Colorado St,TAM C. Christi,56%
Colorado St,TCU,44%
Colorado St,Tennessee,62%
Colorado St,Texas,50%
Colorado St,Texas Tech,55%
Colorado St,TX Southern,61%
Colorado St,UAB,33%
Colorado St,UCLA,36%
Colorado St,USC,60%
Colorado St,Vermont,46%
Colorado St,Villanova,55%
Colorado St,Virginia Tech,45%
Colorado St,Wisconsin,60%
Colorado St,Wright St,19%
Colorado St,Wyoming,58%
Colorado St,Yale,48%
Connecticut,Creighton,38%
Connecticut,CS Fullerton,35%
Connecticut,Davidson,41%
Connecticut,Delaware,28%
Connecticut,Duke,26%
Connecticut,Georgia St,42%
Connecticut,Gonzaga,31%
Connecticut,Houston,37%
Connecticut,Illinois,29%
Connecticut,Indiana,46%
Connecticut,Iowa,16%
Connecticut,Iowa St,33%
Connecticut,Jacksonville St,14%
Connecticut,Kansas,33%
Connecticut,Kentucky,34%
Connecticut,Longwood,22%
Connecticut,Loyola-Chicago,34%
Connecticut,LSU,21%
Connecticut,Marquette,33%
Connecticut,Memphis,36%
Connecticut,Miami FL,51%
Connecticut,Michigan,25%
Connecticut,Michigan St,25%
Connecticut,Montana St,26%
Connecticut,Murray St,32%
Connecticut,New Mexico St,28%
Connecticut,Norfolk St,39%
Connecticut,North Carolina,57%
Connecticut,Notre Dame,36%
Connecticut,Ohio St,29%
Connecticut,Providence,33%
Connecticut,Purdue,25%
Connecticut,Richmond,51%
Connecticut,Rutgers,44%
Connecticut,S Dakota St,15%
Connecticut,San Diego St,28%
Connecticut,San Francisco,22%
Connecticut,Seton Hall,24%
Connecticut,St Mary's CA,30%
Connecticut,St Peter's,53%
Connecticut,TAM C. Christi,43%
Connecticut,TCU,29%
Connecticut,Tennessee,50%
Connecticut,Texas,36%
Connecticut,Texas Tech,41%
Connecticut,TX Southern,47%
Connecticut,UAB,19%
Connecticut,UCLA,23%
Connecticut,USC,44%
Connecticut,Vermont,33%
Connecticut,Villanova,41%
Connecticut,Virginia Tech,32%
Connecticut,Wisconsin,45%
Connecticut,Wright St,5%
Connecticut,Wyoming,44%
Connecticut,Yale,33%
Creighton,CS Fullerton,47%
Creighton,Davidson,52%
Creighton,Delaware,40%
Creighton,Duke,38%
Creighton,Georgia St,56%
Creighton,Gonzaga,47%
Creighton,Houston,47%
Creighton,Illinois,41%
Creighton,Indiana,55%
Creighton,Iowa,26%
Creighton,Iowa St,45%
Creighton,Jacksonville St,26%
Creighton,Kansas,45%
Creighton,Kentucky,45%
Creighton,Longwood,35%
Creighton,Loyola-Chicago,44%
Creighton,LSU,30%
Creighton,Marquette,43%
Creighton,Memphis,46%
Creighton,Miami FL,63%
Creighton,Michigan,36%
Creighton,Michigan St,38%
Creighton,Montana St,37%
Creighton,Murray St,44%
Creighton,New Mexico St,40%
Creighton,Norfolk St,52%
Creighton,North Carolina,68%
Creighton,Notre Dame,46%
Creighton,Ohio St,39%
Creighton,Providence,46%
Creighton,Purdue,38%
Creighton,Richmond,65%
Creighton,Rutgers,54%
Creighton,S Dakota St,27%
Creighton,San Diego St,37%
Creighton,San Francisco,33%
Creighton,Seton Hall,36%
Creighton,St Mary's CA,42%
Creighton,St Peter's,65%
Creighton,TAM C. Christi,54%
Creighton,TCU,43%
Creighton,Tennessee,61%
Creighton,Texas,47%
Creighton,Texas Tech,53%
Creighton,TX Southern,59%
Creighton,UAB,32%
Creighton,UCLA,34%
Creighton,USC,58%
Creighton,Vermont,44%
Creighton,Villanova,54%
Creighton,Virginia Tech,44%
Creighton,Wisconsin,58%
Creighton,Wright St,17%
Creighton,Wyoming,56%
Creighton,Yale,47%
CS Fullerton,Davidson,54%
CS Fullerton,Delaware,43%
CS Fullerton,Duke,40%
CS Fullerton,Georgia St,62%
CS Fullerton,Gonzaga,49%
CS Fullerton,Houston,49%
CS Fullerton,Illinois,43%
CS Fullerton,Indiana,57%
CS Fullerton,Iowa,29%
CS Fullerton,Iowa St,48%
CS Fullerton,Jacksonville St,27%
CS Fullerton,Kansas,48%
CS Fullerton,Kentucky,47%
CS Fullerton,Longwood,39%
CS Fullerton,Loyola-Chicago,46%
CS Fullerton,LSU,32%
CS Fullerton,Marquette,45%
CS Fullerton,Memphis,49%
CS Fullerton,Miami FL,65%
CS Fullerton,Michigan,38%
CS Fullerton,Michigan St,43%
CS Fullerton,Montana St,38%
CS Fullerton,Murray St,46%
CS Fullerton,New Mexico St,42%
CS Fullerton,Norfolk St,53%
CS Fullerton,North Carolina,70%
CS Fullerton,Notre Dame,48%
CS Fullerton,Ohio St,41%
CS Fullerton,Providence,51%
CS Fullerton,Purdue,40%
CS Fullerton,Richmond,70%
CS Fullerton,Rutgers,56%
CS Fullerton,S Dakota St,29%
CS Fullerton,San Diego St,39%
CS Fullerton,San Francisco,35%
CS Fullerton,Seton Hall,38%
CS Fullerton,St Mary's CA,43%
CS Fullerton,St Peter's,67%
CS Fullerton,TAM C. Christi,57%
CS Fullerton,TCU,45%
CS Fullerton,Tennessee,62%
CS Fullerton,Texas,49%
CS Fullerton,Texas Tech,54%
CS Fullerton,TX Southern,61%
CS Fullerton,UAB,33%
CS Fullerton,UCLA,36%
CS Fullerton,USC,63%
CS Fullerton,Vermont,46%
CS Fullerton,Villanova,57%
CS Fullerton,Virginia Tech,46%
CS Fullerton,Wisconsin,60%
CS Fullerton,Wright St,18%
CS Fullerton,Wyoming,61%
CS Fullerton,Yale,50%
Davidson,Delaware,59%
Davidson,Duke,57%
Davidson,Georgia St,75%
Davidson,Gonzaga,66%
Davidson,Houston,67%
Davidson,Illinois,61%
Davidson,Indiana,74%
Davidson,Iowa,46%
Davidson,Iowa St,65%
Davidson,Jacksonville St,45%
Davidson,Kansas,65%
Davidson,Kentucky,64%
Davidson,Longwood,54%
Davidson,Loyola-Chicago,64%
Davidson,LSU,49%
Davidson,Marquette,63%
Davidson,Memphis,66%
Davidson,Miami FL,83%
Davidson,Michigan,56%
Davidson,Michigan St,57%
Davidson,Montana St,56%
Davidson,Murray St,63%
Davidson,New Mexico St,59%
Davidson,Norfolk St,71%
Davidson,North Carolina,88%
Davidson,Notre Dame,66%
Davidson,Ohio St,59%
Davidson,Providence,65%
Davidson,Purdue,58%
Davidson,Richmond,84%
Davidson,Rutgers,74%
Davidson,S Dakota St,46%
Davidson,San Diego St,58%
Davidson,San Francisco,52%
Davidson,Seton Hall,55%
Davidson,St Mary's CA,62%
Davidson,St Peter's,85%
Davidson,TAM C. Christi,74%
Davidson,TCU,62%
Davidson,Tennessee,81%
Davidson,Texas,67%
Davidson,Texas Tech,72%
Davidson,TX Southern,79%
Davidson,UAB,50%
Davidson,UCLA,53%
Davidson,USC,78%
Davidson,Vermont,64%
Davidson,Villanova,73%
Davidson,Virginia Tech,63%
Davidson,Wisconsin,77%
Davidson,Wright St,36%
Davidson,Wyoming,76%
Davidson,Yale,66%
Delaware,Duke,41%
Delaware,Georgia St,63%
Delaware,Gonzaga,49%
Delaware,Houston,50%
Delaware,Illinois,44%
Delaware,Indiana,58%
Delaware,Iowa,30%
Delaware,Iowa St,49%
Delaware,Jacksonville St,28%
Delaware,Kansas,50%
Delaware,Kentucky,48%
Delaware,Longwood,41%
Delaware,Loyola-Chicago,48%
Delaware,LSU,33%
Delaware,Marquette,47%
Delaware,Memphis,50%
Delaware,Miami FL,66%
Delaware,Michigan,39%
Delaware,Michigan St,44%
Delaware,Montana St,39%
Delaware,Murray St,47%
Delaware,New Mexico St,43%
Delaware,Norfolk St,55%
Delaware,North Carolina,71%
Delaware,Notre Dame,49%
Delaware,Ohio St,42%
Delaware,Providence,52%
Delaware,Purdue,41%
Delaware,Richmond,71%
Delaware,Rutgers,57%
Delaware,S Dakota St,30%
Delaware,San Diego St,41%
Delaware,San Francisco,36%
Delaware,Seton Hall,40%
Delaware,St Mary's CA,45%
Delaware,St Peter's,69%
Delaware,TAM C. Christi,58%
Delaware,TCU,46%
Delaware,Tennessee,64%
Delaware,Texas,51%
Delaware,Texas Tech,56%
Delaware,TX Southern,62%
Delaware,UAB,34%
Delaware,UCLA,37%
Delaware,USC,65%
Delaware,Vermont,47%
Delaware,Villanova,57%
Delaware,Virginia Tech,47%
Delaware,Wisconsin,61%
Delaware,Wright St,20%
Delaware,Wyoming,62%
Delaware,Yale,51%
Duke,Georgia St,84%
Duke,Gonzaga,74%
Duke,Houston,76%
Duke,Illinois,67%
Duke,Indiana,83%
Duke,Iowa,55%
Duke,Iowa St,72%
Duke,Jacksonville St,52%
Duke,Kansas,72%
Duke,Kentucky,71%
Duke,Longwood,62%
Duke,Loyola-Chicago,72%
Duke,LSU,59%
Duke,Marquette,72%
Duke,Memphis,73%
Duke,Miami FL,91%
Duke,Michigan,64%
Duke,Michigan St,67%
Duke,Montana St,64%
Duke,Murray St,68%
Duke,New Mexico St,65%
Duke,Norfolk St,78%
Duke,North Carolina,96%
Duke,Notre Dame,74%
Duke,Ohio St,68%
Duke,Providence,75%
Duke,Purdue,64%
Duke,Richmond,92%
Duke,Rutgers,80%
Duke,S Dakota St,52%
Duke,San Diego St,67%
Duke,San Francisco,61%
Duke,Seton Hall,65%
Duke,St Mary's CA,69%
Duke,St Peter's,92%
Duke,TAM C. Christi,81%
Duke,TCU,69%
Duke,Tennessee,87%
Duke,Texas,74%
Duke,Texas Tech,79%
Duke,TX Southern,86%
Duke,UAB,57%
Duke,UCLA,63%
Duke,USC,87%
Duke,Vermont,71%
Duke,Villanova,80%
Duke,Virginia Tech,69%
Duke,Wisconsin,83%
Duke,Wright St,42%
Duke,Wyoming,84%
Duke,Yale,72%
Georgia St,Gonzaga,36%
Georgia St,Houston,39%
Georgia St,Illinois,33%
Georgia St,Indiana,47%
Georgia St,Iowa,18%
Georgia St,Iowa St,37%
Georgia St,Jacksonville St,17%
Georgia St,Kansas,38%
Georgia St,Kentucky,38%
Georgia St,Longwood,28%
Georgia St,Loyola-Chicago,36%
Georgia St,LSU,22%
Georgia St,Marquette,36%
Georgia St,Memphis,39%
Georgia St,Miami FL,54%
Georgia St,Michigan,28%
Georgia St,Michigan St,31%
Georgia St,Montana St,28%
Georgia St,Murray St,36%
Georgia St,New Mexico St,32%
Georgia St,Norfolk St,43%
Georgia St,North Carolina,60%
Georgia St,Notre Dame,38%
Georgia St,Ohio St,31%
Georgia St,Providence,39%
Georgia St,Purdue,30%
Georgia St,Richmond,58%
Georgia St,Rutgers,46%
Georgia St,S Dakota St,19%
Georgia St,San Diego St,29%
Georgia St,San Francisco,25%
Georgia St,Seton Hall,27%
Georgia St,St Mary's CA,33%
Georgia St,St Peter's,57%
Georgia St,TAM C. Christi,46%
Georgia St,TCU,34%
Georgia St,Tennessee,53%
Georgia St,Texas,39%
Georgia St,Texas Tech,45%
Georgia St,TX Southern,51%
Georgia St,UAB,23%
Georgia St,UCLA,26%
Georgia St,USC,51%
Georgia St,Vermont,37%
Georgia St,Villanova,46%
Georgia St,Virginia Tech,36%
Georgia St,Wisconsin,49%
Georgia St,Wright St,9%
Georgia St,Wyoming,50%
Georgia St,Yale,38%
Gonzaga,Houston,80%
Gonzaga,Illinois,71%
Gonzaga,Indiana,88%
Gonzaga,Iowa,60%
Gonzaga,Iowa St,75%
Gonzaga,Jacksonville St,57%
Gonzaga,Kansas,77%
Gonzaga,Kentucky,76%
Gonzaga,Longwood,66%
Gonzaga,Loyola-Chicago,77%
Gonzaga,LSU,63%
Gonzaga,Marquette,75%
Gonzaga,Memphis,78%
Gonzaga,Miami FL,94%
Gonzaga,Michigan,68%
Gonzaga,Michigan St,70%
Gonzaga,Montana St,69%
Gonzaga,Murray St,74%
Gonzaga,New Mexico St,70%
Gonzaga,Norfolk St,83%
Gonzaga,North Carolina,100%
Gonzaga,Notre Dame,79%
Gonzaga,Ohio St,72%
Gonzaga,Providence,78%
Gonzaga,Purdue,68%
Gonzaga,Richmond,96%
Gonzaga,Rutgers,85%
Gonzaga,S Dakota St,57%
Gonzaga,San Diego St,71%
Gonzaga,San Francisco,65%
Gonzaga,Seton Hall,68%
Gonzaga,St Mary's CA,73%
Gonzaga,St Peter's,96%
Gonzaga,TAM C. Christi,86%
Gonzaga,TCU,73%
Gonzaga,Tennessee,92%
Gonzaga,Texas,78%
Gonzaga,Texas Tech,84%
Gonzaga,TX Southern,90%
Gonzaga,UAB,62%
Gonzaga,UCLA,67%
Gonzaga,USC,90%
Gonzaga,Vermont,76%
Gonzaga,Villanova,84%
Gonzaga,Virginia Tech,75%
Gonzaga,Wisconsin,88%
Gonzaga,Wright St,47%
Gonzaga,Wyoming,89%
Gonzaga,Yale,77%
Houston,Illinois,59%
Houston,Indiana,75%
Houston,Iowa,45%
Houston,Iowa St,64%
Houston,Jacksonville St,43%
Houston,Kansas,63%
Houston,Kentucky,62%
Houston,Longwood,53%
Houston,Loyola-Chicago,65%
Houston,LSU,51%
Houston,Marquette,63%
Houston,Memphis,65%
Houston,Miami FL,83%
Houston,Michigan,55%
Houston,Michigan St,57%
Houston,Montana St,56%
Houston,Murray St,60%
Houston,New Mexico St,57%
Houston,Norfolk St,70%
Houston,North Carolina,88%
Houston,Notre Dame,66%
Houston,Ohio St,58%
Houston,Providence,64%
Houston,Purdue,55%
Houston,Richmond,83%
Houston,Rutgers,72%
Houston,S Dakota St,44%
Houston,San Diego St,60%
Houston,San Francisco,53%
Houston,Seton Hall,57%
Houston,St Mary's CA,61%
Houston,St Peter's,84%
Houston,TAM C. Christi,73%
Houston,TCU,61%
Houston,Tennessee,79%
Houston,Texas,66%
Houston,Texas Tech,72%
Houston,TX Southern,78%
Houston,UAB,48%
Houston,UCLA,53%
Houston,USC,77%
Houston,Vermont,63%
Houston,Villanova,72%
Houston,Virginia Tech,62%
Houston,Wisconsin,75%
Houston,Wright St,33%
Houston,Wyoming,74%
Houston,Yale,63%
Illinois,Indiana,79%
Illinois,Iowa,49%
Illinois,Iowa St,66%
Illinois,Jacksonville St,47%
Illinois,Kansas,67%
Illinois,Kentucky,66%
Illinois,Longwood,56%
Illinois,Loyola-Chicago,67%
Illinois,LSU,54%
Illinois,Marquette,66%
Illinois,Memphis,68%
Illinois,Miami FL,84%
Illinois,Michigan,58%
Illinois,Michigan St,60%
Illinois,Montana St,59%
Illinois,Murray St,65%
Illinois,New Mexico St,61%
Illinois,Norfolk St,72%
Illinois,North Carolina,90%
Illinois,Notre Dame,69%
Illinois,Ohio St,63%
Illinois,Providence,67%
Illinois,Purdue,58%
Illinois,Richmond,86%
Illinois,Rutgers,76%
Illinois,S Dakota St,48%
Illinois,San Diego St,60%
Illinois,San Francisco,55%
Illinois,Seton Hall,58%
Illinois,St Mary's CA,63%
Illinois,St Peter's,86%
Illinois,TAM C. Christi,76%
Illinois,TCU,63%
Illinois,Tennessee,82%
Illinois,Texas,68%
Illinois,Texas Tech,74%
Illinois,TX Southern,80%
Illinois,UAB,52%
Illinois,UCLA,57%
Illinois,USC,78%
Illinois,Vermont,66%
Illinois,Villanova,75%
Illinois,Virginia Tech,65%
Illinois,Wisconsin,78%
Illinois,Wright St,38%
Illinois,Wyoming,78%
Illinois,Yale,67%
Indiana,Iowa,38%
Indiana,Iowa St,57%
Indiana,Jacksonville St,38%
Indiana,Kansas,58%
Indiana,Kentucky,57%
Indiana,Longwood,47%
Indiana,Loyola-Chicago,56%
Indiana,LSU,42%
Indiana,Marquette,55%
Indiana,Memphis,58%
Indiana,Miami FL,74%
Indiana,Michigan,48%
Indiana,Michigan St,49%
Indiana,Montana St,49%
Indiana,Murray St,56%
Indiana,New Mexico St,52%
Indiana,Norfolk St,63%
Indiana,North Carolina,80%
Indiana,Notre Dame,58%
Indiana,Ohio St,51%
Indiana,Providence,57%
Indiana,Purdue,50%
Indiana,Richmond,75%
Indiana,Rutgers,66%
Indiana,S Dakota St,39%
Indiana,San Diego St,49%
Indiana,San Francisco,45%
Indiana,Seton Hall,47%
Indiana,St Mary's CA,53%
Indiana,St Peter's,77%
Indiana,TAM C. Christi,67%
Indiana,TCU,54%
Indiana,Tennessee,72%
Indiana,Texas,59%
Indiana,Texas Tech,65%
Indiana,TX Southern,71%
Indiana,UAB,44%
Indiana,UCLA,46%
Indiana,USC,69%
Indiana,Vermont,56%
Indiana,Villanova,66%
Indiana,Virginia Tech,56%
Indiana,Wisconsin,69%
Indiana,Wright St,29%
Indiana,Wyoming,69%
Indiana,Yale,58%
Iowa,Iowa St,73%
Iowa,Jacksonville St,53%
Iowa,Kansas,73%
Iowa,Kentucky,71%
Iowa,Longwood,62%
Iowa,Loyola-Chicago,73%
Iowa,LSU,60%
Iowa,Marquette,73%
Iowa,Memphis,73%
Iowa,Miami FL,91%
Iowa,Michigan,64%
Iowa,Michigan St,66%
Iowa,Montana St,65%
Iowa,Murray St,70%
Iowa,New Mexico St,65%
Iowa,Norfolk St,79%
Iowa,North Carolina,96%
Iowa,Notre Dame,75%
Iowa,Ohio St,68%
Iowa,Providence,74%
Iowa,Purdue,65%
Iowa,Richmond,92%
Iowa,Rutgers,81%
Iowa,S Dakota St,53%
Iowa,San Diego St,68%
Iowa,San Francisco,61%
Iowa,Seton Hall,65%
Iowa,St Mary's CA,70%
Iowa,St Peter's,92%
Iowa,TAM C. Christi,82%
Iowa,TCU,69%
Iowa,Tennessee,88%
Iowa,Texas,75%
Iowa,Texas Tech,80%
Iowa,TX Southern,86%
Iowa,UAB,58%
Iowa,UCLA,62%
Iowa,USC,86%
Iowa,Vermont,71%
Iowa,Villanova,80%
Iowa,Virginia Tech,70%
Iowa,Wisconsin,84%
Iowa,Wright St,43%
Iowa,Wyoming,84%
Iowa,Yale,73%
Iowa St,Jacksonville St,19%
Iowa St,Kansas,40%
Iowa St,Kentucky,39%
Iowa St,Longwood,31%
Iowa St,Loyola-Chicago,38%
Iowa St,LSU,23%
Iowa St,Marquette,37%
Iowa St,Memphis,40%
Iowa St,Miami FL,57%
Iowa St,Michigan,30%
Iowa St,Michigan St,33%
Iowa St,Montana St,30%
Iowa St,Murray St,38%
Iowa St,New Mexico St,33%
Iowa St,Norfolk St,45%
Iowa St,North Carolina,62%
Iowa St,Notre Dame,40%
Iowa St,Ohio St,33%
Iowa St,Providence,42%
Iowa St,Purdue,32%
Iowa St,Richmond,60%
Iowa St,Rutgers,48%
Iowa St,S Dakota St,20%
Iowa St,San Diego St,31%
Iowa St,San Francisco,26%
Iowa St,Seton Hall,29%
Iowa St,St Mary's CA,36%
Iowa St,St Peter's,59%
Iowa St,TAM C. Christi,48%
Iowa St,TCU,36%
Iowa St,Tennessee,55%
Iowa St,Texas,41%
Iowa St,Texas Tech,46%
Iowa St,TX Southern,53%
Iowa St,UAB,25%
Iowa St,UCLA,27%
Iowa St,USC,54%
Iowa St,Vermont,38%
Iowa St,Villanova,48%
Iowa St,Virginia Tech,37%
Iowa St,Wisconsin,51%
Iowa St,Wright St,11%
Iowa St,Wyoming,52%
Iowa St,Yale,40%
Jacksonville St,Kansas,56%
Jacksonville St,Kentucky,53%
Jacksonville St,Longwood,46%
Jacksonville St,Loyola-Chicago,53%
Jacksonville St,LSU,38%
Jacksonville St,Marquette,52%
Jacksonville St,Memphis,55%
Jacksonville St,Miami FL,72%
Jacksonville St,Michigan,45%
Jacksonville St,Michigan St,50%
Jacksonville St,Montana St,44%
Jacksonville St,Murray St,52%
Jacksonville St,New Mexico St,48%
Jacksonville St,Norfolk St,60%
Jacksonville St,North Carolina,77%
Jacksonville St,Notre Dame,55%
Jacksonville St,Ohio St,47%
Jacksonville St,Providence,57%
Jacksonville St,Purdue,46%
Jacksonville St,Richmond,76%
Jacksonville St,Rutgers,63%
Jacksonville St,S Dakota St,35%
Jacksonville St,San Diego St,47%
Jacksonville St,San Francisco,41%
Jacksonville St,Seton Hall,46%
Jacksonville St,St Mary's CA,51%
Jacksonville St,St Peter's,74%
Jacksonville St,TAM C. Christi,63%
Jacksonville St,TCU,52%
Jacksonville St,Tennessee,69%
Jacksonville St,Texas,56%
Jacksonville St,Texas Tech,61%
Jacksonville St,TX Southern,67%
Jacksonville St,UAB,39%
Jacksonville St,UCLA,42%
Jacksonville St,USC,71%
Jacksonville St,Vermont,53%
Jacksonville St,Villanova,63%
Jacksonville St,Virginia Tech,52%
Jacksonville St,Wisconsin,67%
Jacksonville St,Wright St,24%
Jacksonville St,Wyoming,67%
Jacksonville St,Yale,57%
Kansas,Kentucky,67%
Kansas,Longwood,57%
Kansas,Loyola-Chicago,69%
Kansas,LSU,56%
Kansas,Marquette,68%
Kansas,Memphis,69%
Kansas,Miami FL,86%
Kansas,Michigan,59%
Kansas,Michigan St,62%
Kansas,Montana St,60%
Kansas,Murray St,65%
Kansas,New Mexico St,61%
Kansas,Norfolk St,74%
Kansas,North Carolina,92%
Kansas,Notre Dame,70%
Kansas,Ohio St,64%
Kansas,Providence,70%
Kansas,Purdue,60%
Kansas,Richmond,87%
Kansas,Rutgers,77%
Kansas,S Dakota St,49%
Kansas,San Diego St,63%
Kansas,San Francisco,57%
Kansas,Seton Hall,60%
Kansas,St Mary's CA,65%
Kansas,St Peter's,87%
Kansas,TAM C. Christi,77%
Kansas,TCU,65%
Kansas,Tennessee,83%
Kansas,Texas,70%
Kansas,Texas Tech,76%
Kansas,TX Southern,81%
Kansas,UAB,53%
Kansas,UCLA,59%
Kansas,USC,81%
Kansas,Vermont,67%
Kansas,Villanova,75%
Kansas,Virginia Tech,66%
Kansas,Wisconsin,79%
Kansas,Wright St,39%
Kansas,Wyoming,79%
Kansas,Yale,68%
Kentucky,Longwood,51%
Kentucky,Loyola-Chicago,62%
Kentucky,LSU,49%
Kentucky,Marquette,61%
Kentucky,Memphis,63%
Kentucky,Miami FL,79%
Kentucky,Michigan,53%
Kentucky,Michigan St,56%
Kentucky,Montana St,54%
Kentucky,Murray St,60%
Kentucky,New Mexico St,55%
Kentucky,Norfolk St,68%
Kentucky,North Carolina,86%
Kentucky,Notre Dame,64%
Kentucky,Ohio St,58%
Kentucky,Providence,63%
Kentucky,Purdue,54%
Kentucky,Richmond,81%
Kentucky,Rutgers,71%
Kentucky,S Dakota St,43%
Kentucky,San Diego St,56%
Kentucky,San Francisco,50%
Kentucky,Seton Hall,53%
Kentucky,St Mary's CA,59%
Kentucky,St Peter's,81%
Kentucky,TAM C. Christi,71%
Kentucky,TCU,58%
Kentucky,Tennessee,78%
Kentucky,Texas,64%
Kentucky,Texas Tech,69%
Kentucky,TX Southern,75%
Kentucky,UAB,47%
Kentucky,UCLA,53%
Kentucky,USC,75%
Kentucky,Vermont,61%
Kentucky,Villanova,70%
Kentucky,Virginia Tech,60%
Kentucky,Wisconsin,73%
Kentucky,Wright St,33%
Kentucky,Wyoming,74%
Kentucky,Yale,62%
Longwood,Loyola-Chicago,55%
Longwood,LSU,40%
Longwood,Marquette,54%
Longwood,Memphis,57%
Longwood,Miami FL,73%
Longwood,Michigan,46%
Longwood,Michigan St,50%
Longwood,Montana St,47%
Longwood,Murray St,54%
Longwood,New Mexico St,50%
Longwood,Norfolk St,62%
Longwood,North Carolina,78%
Longwood,Notre Dame,57%
Longwood,Ohio St,50%
Longwood,Providence,59%
Longwood,Purdue,49%
Longwood,Richmond,77%
Longwood,Rutgers,65%
Longwood,S Dakota St,37%
Longwood,San Diego St,48%
Longwood,San Francisco,43%
Longwood,Seton Hall,46%
Longwood,St Mary's CA,52%
Longwood,St Peter's,76%
Longwood,TAM C. Christi,66%
Longwood,TCU,53%
Longwood,Tennessee,71%
Longwood,Texas,58%
Longwood,Texas Tech,63%
Longwood,TX Southern,70%
Longwood,UAB,42%
Longwood,UCLA,44%
Longwood,USC,71%
Longwood,Vermont,55%
Longwood,Villanova,65%
Longwood,Virginia Tech,54%
Longwood,Wisconsin,68%
Longwood,Wright St,27%
Longwood,Wyoming,70%
Longwood,Yale,58%
Loyola-Chicago,LSU,27%
Loyola-Chicago,Marquette,41%
Loyola-Chicago,Memphis,43%
Loyola-Chicago,Miami FL,61%
Loyola-Chicago,Michigan,33%
Loyola-Chicago,Michigan St,37%
Loyola-Chicago,Montana St,34%
Loyola-Chicago,Murray St,41%
Loyola-Chicago,New Mexico St,37%
Loyola-Chicago,Norfolk St,48%
Loyola-Chicago,North Carolina,66%
Loyola-Chicago,Notre Dame,43%
Loyola-Chicago,Ohio St,36%
Loyola-Chicago,Providence,45%
Loyola-Chicago,Purdue,35%
Loyola-Chicago,Richmond,63%
Loyola-Chicago,Rutgers,51%
Loyola-Chicago,S Dakota St,24%
Loyola-Chicago,San Diego St,35%
Loyola-Chicago,San Francisco,30%
Loyola-Chicago,Seton Hall,33%
Loyola-Chicago,St Mary's CA,40%
Loyola-Chicago,St Peter's,62%
Loyola-Chicago,TAM C. Christi,51%
Loyola-Chicago,TCU,40%
Loyola-Chicago,Tennessee,58%
Loyola-Chicago,Texas,45%
Loyola-Chicago,Texas Tech,50%
Loyola-Chicago,TX Southern,56%
Loyola-Chicago,UAB,28%
Loyola-Chicago,UCLA,31%
Loyola-Chicago,USC,57%
Loyola-Chicago,Vermont,41%
Loyola-Chicago,Villanova,52%
Loyola-Chicago,Virginia Tech,40%
Loyola-Chicago,Wisconsin,55%
Loyola-Chicago,Wright St,14%
Loyola-Chicago,Wyoming,55%
Loyola-Chicago,Yale,43%
LSU,Marquette,62%
LSU,Memphis,64%
LSU,Miami FL,80%
LSU,Michigan,54%
LSU,Michigan St,56%
LSU,Montana St,56%
LSU,Murray St,61%
LSU,New Mexico St,57%
LSU,Norfolk St,69%
LSU,North Carolina,86%
LSU,Notre Dame,64%
LSU,Ohio St,58%
LSU,Providence,64%
LSU,Purdue,54%
LSU,Richmond,82%
LSU,Rutgers,72%
LSU,S Dakota St,44%
LSU,San Diego St,56%
LSU,San Francisco,51%
LSU,Seton Hall,53%
LSU,St Mary's CA,59%
LSU,St Peter's,82%
LSU,TAM C. Christi,72%
LSU,TCU,59%
LSU,Tennessee,78%
LSU,Texas,65%
LSU,Texas Tech,70%
LSU,TX Southern,76%
LSU,UAB,49%
LSU,UCLA,51%
LSU,USC,75%
LSU,Vermont,62%
LSU,Villanova,71%
LSU,Virginia Tech,61%
LSU,Wisconsin,74%
LSU,Wright St,34%
LSU,Wyoming,75%
LSU,Yale,63%
Marquette,Memphis,56%
Marquette,Miami FL,74%
Marquette,Michigan,47%
Marquette,Michigan St,47%
Marquette,Montana St,47%
Marquette,Murray St,54%
Marquette,New Mexico St,50%
Marquette,Norfolk St,62%
Marquette,North Carolina,79%
Marquette,Notre Dame,56%
Marquette,Ohio St,49%
Marquette,Providence,55%
Marquette,Purdue,48%
Marquette,Richmond,74%
Marquette,Rutgers,64%
Marquette,S Dakota St,37%
Marquette,San Diego St,48%
Marquette,San Francisco,43%
Marquette,Seton Hall,45%
Marquette,St Mary's CA,52%
Marquette,St Peter's,76%
Marquette,TAM C. Christi,64%
Marquette,TCU,52%
Marquette,Tennessee,71%
Marquette,Texas,58%
Marquette,Texas Tech,63%
Marquette,TX Southern,70%
Marquette,UAB,42%
Marquette,UCLA,44%
Marquette,USC,68%
Marquette,Vermont,55%
Marquette,Villanova,64%
Marquette,Virginia Tech,54%
Marquette,Wisconsin,67%
Marquette,Wright St,27%
Marquette,Wyoming,67%
Marquette,Yale,56%
Memphis,Miami FL,80%
Memphis,Michigan,53%
Memphis,Michigan St,55%
Memphis,Montana St,53%
Memphis,Murray St,59%
Memphis,New Mexico St,56%
Memphis,Norfolk St,68%
Memphis,North Carolina,85%
Memphis,Notre Dame,62%
Memphis,Ohio St,55%
Memphis,Providence,63%
Memphis,Purdue,55%
Memphis,Richmond,80%
Memphis,Rutgers,70%
Memphis,S Dakota St,43%
Memphis,San Diego St,55%
Memphis,San Francisco,49%
Memphis,Seton Hall,53%
Memphis,St Mary's CA,59%
Memphis,St Peter's,82%
Memphis,TAM C. Christi,70%
Memphis,TCU,59%
Memphis,Tennessee,77%
Memphis,Texas,64%
Memphis,Texas Tech,69%
Memphis,TX Southern,76%
Memphis,UAB,47%
Memphis,UCLA,50%
Memphis,USC,75%
Memphis,Vermont,60%
Memphis,Villanova,69%
Memphis,Virginia Tech,59%
Memphis,Wisconsin,73%
Memphis,Wright St,33%
Memphis,Wyoming,72%
Memphis,Yale,63%
Miami FL,Michigan,22%
Miami FL,Michigan St,24%
Miami FL,Montana St,23%
Miami FL,Murray St,30%
Miami FL,New Mexico St,26%
Miami FL,Norfolk St,37%
Miami FL,North Carolina,54%
Miami FL,Notre Dame,33%
Miami FL,Ohio St,25%
Miami FL,Providence,32%
Miami FL,Purdue,24%
Miami FL,Richmond,51%
Miami FL,Rutgers,40%
Miami FL,S Dakota St,13%
Miami FL,San Diego St,23%
Miami FL,San Francisco,19%
Miami FL,Seton Hall,21%
Miami FL,St Mary's CA,28%
Miami FL,St Peter's,51%
Miami FL,TAM C. Christi,40%
Miami FL,TCU,27%
Miami FL,Tennessee,47%
Miami FL,Texas,33%
Miami FL,Texas Tech,39%
Miami FL,TX Southern,45%
Miami FL,UAB,18%
Miami FL,UCLA,20%
Miami FL,USC,44%
Miami FL,Vermont,30%
Miami FL,Villanova,41%
Miami FL,Virginia Tech,30%
Miami FL,Wisconsin,43%
Miami FL,Wright St,3%
Miami FL,Wyoming,44%
Miami FL,Yale,31%
Michigan,Michigan St,55%
Michigan,Montana St,53%
Michigan,Murray St,60%
Michigan,New Mexico St,56%
Michigan,Norfolk St,67%
Michigan,North Carolina,84%
Michigan,Notre Dame,62%
Michigan,Ohio St,55%
Michigan,Providence,63%
Michigan,Purdue,54%
Michigan,Richmond,81%
Michigan,Rutgers,70%
Michigan,S Dakota St,43%
Michigan,San Diego St,53%
Michigan,San Francisco,48%
Michigan,Seton Hall,52%
Michigan,St Mary's CA,58%
Michigan,St Peter's,81%
Michigan,TAM C. Christi,70%
Michigan,TCU,58%
Michigan,Tennessee,77%
Michigan,Texas,63%
Michigan,Texas Tech,69%
Michigan,TX Southern,75%
Michigan,UAB,47%
Michigan,UCLA,50%
Michigan,USC,75%
Michigan,Vermont,60%
Michigan,Villanova,70%
Michigan,Virginia Tech,59%
Michigan,Wisconsin,73%
Michigan,Wright St,33%
Michigan,Wyoming,73%
Michigan,Yale,62%
Michigan St,Montana St,45%
Michigan St,Murray St,51%
Michigan St,New Mexico St,46%
Michigan St,Norfolk St,58%
Michigan St,North Carolina,75%
Michigan St,Notre Dame,54%
Michigan St,Ohio St,47%
Michigan St,Providence,54%
Michigan St,Purdue,44%
Michigan St,Richmond,72%
Michigan St,Rutgers,62%
Michigan St,S Dakota St,33%
Michigan St,San Diego St,45%
Michigan St,San Francisco,40%
Michigan St,Seton Hall,43%
Michigan St,St Mary's CA,48%
Michigan St,St Peter's,72%
Michigan St,TAM C. Christi,61%
Michigan St,TCU,48%
Michigan St,Tennessee,67%
Michigan St,Texas,54%
Michigan St,Texas Tech,60%
Michigan St,TX Southern,66%
Michigan St,UAB,38%
Michigan St,UCLA,41%
Michigan St,USC,65%
Michigan St,Vermont,51%
Michigan St,Villanova,60%
Michigan St,Virginia Tech,50%
Michigan St,Wisconsin,64%
Michigan St,Wright St,23%
Michigan St,Wyoming,65%
Michigan St,Yale,52%
Montana St,Murray St,47%
Montana St,New Mexico St,43%
Montana St,Norfolk St,55%
Montana St,North Carolina,71%
Montana St,Notre Dame,49%
Montana St,Ohio St,42%
Montana St,Providence,50%
Montana St,Purdue,41%
Montana St,Richmond,68%
Montana St,Rutgers,57%
Montana St,S Dakota St,30%
Montana St,San Diego St,41%
Montana St,San Francisco,36%
Montana St,Seton Hall,39%
Montana St,St Mary's CA,45%
Montana St,St Peter's,68%
Montana St,TAM C. Christi,58%
Montana St,TCU,45%
Montana St,Tennessee,64%
Montana St,Texas,51%
Montana St,Texas Tech,56%
Montana St,TX Southern,62%
Montana St,UAB,34%
Montana St,UCLA,37%
Montana St,USC,62%
Montana St,Vermont,47%
Montana St,Villanova,57%
Montana St,Virginia Tech,47%
Montana St,Wisconsin,60%
Montana St,Wright St,20%
Montana St,Wyoming,61%
Montana St,Yale,50%
Murray St,New Mexico St,34%
Murray St,Norfolk St,45%
Murray St,North Carolina,63%
Murray St,Notre Dame,41%
Murray St,Ohio St,35%
Murray St,Providence,40%
Murray St,Purdue,32%
Murray St,Richmond,59%
Murray St,Rutgers,49%
Murray St,S Dakota St,21%
Murray St,San Diego St,33%
Murray St,San Francisco,27%
Murray St,Seton Hall,31%
Murray St,St Mary's CA,36%
Murray St,St Peter's,59%
Murray St,TAM C. Christi,49%
Murray St,TCU,37%
Murray St,Tennessee,55%
Murray St,Texas,42%
Murray St,Texas Tech,47%
Murray St,TX Southern,53%
Murray St,UAB,26%
Murray St,UCLA,28%
Murray St,USC,52%
Murray St,Vermont,38%
Murray St,Villanova,48%
Murray St,Virginia Tech,38%
Murray St,Wisconsin,52%
Murray St,Wright St,11%
Murray St,Wyoming,50%
Murray St,Yale,41%
New Mexico St,Norfolk St,59%
New Mexico St,North Carolina,76%
New Mexico St,Notre Dame,54%
New Mexico St,Ohio St,46%
New Mexico St,Providence,55%
New Mexico St,Purdue,46%
New Mexico St,Richmond,74%
New Mexico St,Rutgers,61%
New Mexico St,S Dakota St,34%
New Mexico St,San Diego St,45%
New Mexico St,San Francisco,40%
New Mexico St,Seton Hall,44%
New Mexico St,St Mary's CA,49%
New Mexico St,St Peter's,73%
New Mexico St,TAM C. Christi,62%
New Mexico St,TCU,50%
New Mexico St,Tennessee,68%
New Mexico St,Texas,54%
New Mexico St,Texas Tech,60%
New Mexico St,TX Southern,67%
New Mexico St,UAB,38%
New Mexico St,UCLA,41%
New Mexico St,USC,67%
New Mexico St,Vermont,52%
New Mexico St,Villanova,62%
New Mexico St,Virginia Tech,51%
New Mexico St,Wisconsin,66%
New Mexico St,Wright St,24%
New Mexico St,Wyoming,66%
New Mexico St,Yale,54%
Norfolk St,North Carolina,77%
Norfolk St,Notre Dame,55%
Norfolk St,Ohio St,48%
Norfolk St,Providence,54%
Norfolk St,Purdue,47%
Norfolk St,Richmond,73%
Norfolk St,Rutgers,63%
Norfolk St,S Dakota St,36%
Norfolk St,San Diego St,46%
Norfolk St,San Francisco,42%
Norfolk St,Seton Hall,44%
Norfolk St,St Mary's CA,50%
Norfolk St,St Peter's,74%
Norfolk St,TAM C. Christi,63%
Norfolk St,TCU,50%
Norfolk St,Tennessee,69%
Norfolk St,Texas,56%
Norfolk St,Texas Tech,61%
Norfolk St,TX Southern,68%
Norfolk St,UAB,40%
Norfolk St,UCLA,43%
Norfolk St,USC,67%
Norfolk St,Vermont,53%
Norfolk St,Villanova,62%
Norfolk St,Virginia Tech,52%
Norfolk St,Wisconsin,66%
Norfolk St,Wright St,26%
Norfolk St,Wyoming,65%
Norfolk St,Yale,56%
North Carolina,Notre Dame,45%
North Carolina,Ohio St,38%
North Carolina,Providence,43%
North Carolina,Purdue,35%
North Carolina,Richmond,61%
North Carolina,Rutgers,53%
North Carolina,S Dakota St,24%
North Carolina,San Diego St,36%
North Carolina,San Francisco,31%
North Carolina,Seton Hall,34%
North Carolina,St Mary's CA,39%
North Carolina,St Peter's,62%
North Carolina,TAM C. Christi,52%
North Carolina,TCU,39%
North Carolina,Tennessee,58%
North Carolina,Texas,45%
North Carolina,Texas Tech,50%
North Carolina,TX Southern,56%
North Carolina,UAB,29%
North Carolina,UCLA,32%
North Carolina,USC,54%
North Carolina,Vermont,42%
North Carolina,Villanova,51%
North Carolina,Virginia Tech,41%
North Carolina,Wisconsin,55%
North Carolina,Wright St,14%
North Carolina,Wyoming,54%
North Carolina,Yale,43%
Notre Dame,Ohio St,46%
Notre Dame,Providence,52%
Notre Dame,Purdue,45%
Notre Dame,Richmond,71%
Notre Dame,Rutgers,61%
Notre Dame,S Dakota St,34%
Notre Dame,San Diego St,45%
Notre Dame,San Francisco,40%
Notre Dame,Seton Hall,43%
Notre Dame,St Mary's CA,49%
Notre Dame,St Peter's,73%
Notre Dame,TAM C. Christi,62%
Notre Dame,TCU,49%
Notre Dame,Tennessee,69%
Notre Dame,Texas,55%
Notre Dame,Texas Tech,60%
Notre Dame,TX Southern,67%
Notre Dame,UAB,38%
Notre Dame,UCLA,41%
Notre Dame,USC,65%
Notre Dame,Vermont,51%
Notre Dame,Villanova,62%
Notre Dame,Virginia Tech,51%
Notre Dame,Wisconsin,64%
Notre Dame,Wright St,23%
Notre Dame,Wyoming,64%
Notre Dame,Yale,53%
Ohio St,Providence,69%
Ohio St,Purdue,61%
Ohio St,Richmond,87%
Ohio St,Rutgers,78%
Ohio St,S Dakota St,49%
Ohio St,San Diego St,63%
Ohio St,San Francisco,57%
Ohio St,Seton Hall,60%
Ohio St,St Mary's CA,66%
Ohio St,St Peter's,88%
Ohio St,TAM C. Christi,78%
Ohio St,TCU,66%
Ohio St,Tennessee,83%
Ohio St,Texas,71%
Ohio St,Texas Tech,76%
Ohio St,TX Southern,82%
Ohio St,UAB,55%
Ohio St,UCLA,57%
Ohio St,USC,81%
Ohio St,Vermont,67%
Ohio St,Villanova,76%
Ohio St,Virginia Tech,66%
Ohio St,Wisconsin,80%
Ohio St,Wright St,40%
Ohio St,Wyoming,80%
Ohio St,Yale,68%
Providence,Purdue,42%
Providence,Richmond,68%
Providence,Rutgers,60%
Providence,S Dakota St,31%
Providence,San Diego St,44%
Providence,San Francisco,39%
Providence,Seton Hall,40%
Providence,St Mary's CA,46%
Providence,St Peter's,69%
Providence,TAM C. Christi,59%
Providence,TCU,46%
Providence,Tennessee,66%
Providence,Texas,52%
Providence,Texas Tech,58%
Providence,TX Southern,64%
Providence,UAB,36%
Providence,UCLA,41%
Providence,USC,61%
Providence,Vermont,50%
Providence,Villanova,58%
Providence,Virginia Tech,49%
Providence,Wisconsin,61%
Providence,Wright St,22%
Providence,Wyoming,61%
Providence,Yale,49%
Purdue,Richmond,93%
Purdue,Rutgers,84%
Purdue,S Dakota St,56%
Purdue,San Diego St,70%
Purdue,San Francisco,64%
Purdue,Seton Hall,67%
Purdue,St Mary's CA,72%
Purdue,St Peter's,94%
Purdue,TAM C. Christi,84%
Purdue,TCU,72%
Purdue,Tennessee,90%
Purdue,Texas,77%
Purdue,Texas Tech,83%
Purdue,TX Southern,89%
Purdue,UAB,61%
Purdue,UCLA,67%
Purdue,USC,87%
Purdue,Vermont,75%
Purdue,Villanova,83%
Purdue,Virginia Tech,73%
Purdue,Wisconsin,86%
Purdue,Wright St,47%
Purdue,Wyoming,86%
Purdue,Yale,75%
Richmond,Rutgers,43%
Richmond,S Dakota St,16%
Richmond,San Diego St,26%
Richmond,San Francisco,22%
Richmond,Seton Hall,24%
Richmond,St Mary's CA,31%
Richmond,St Peter's,54%
Richmond,TAM C. Christi,44%
Richmond,TCU,31%
Richmond,Tennessee,50%
Richmond,Texas,37%
Richmond,Texas Tech,42%
Richmond,TX Southern,48%
Richmond,UAB,20%
Richmond,UCLA,23%
Richmond,USC,46%
Richmond,Vermont,34%
Richmond,Villanova,43%
Richmond,Virginia Tech,33%
Richmond,Wisconsin,46%
Richmond,Wright St,6%
Richmond,Wyoming,45%
Richmond,Yale,35%
Rutgers,S Dakota St,38%
Rutgers,San Diego St,48%
Rutgers,San Francisco,44%
Rutgers,Seton Hall,46%
Rutgers,St Mary's CA,53%
Rutgers,St Peter's,76%
Rutgers,TAM C. Christi,66%
Rutgers,TCU,53%
Rutgers,Tennessee,72%
Rutgers,Texas,58%
Rutgers,Texas Tech,64%
Rutgers,TX Southern,71%
Rutgers,UAB,42%
Rutgers,UCLA,45%
Rutgers,USC,67%
Rutgers,Vermont,56%
Rutgers,Villanova,66%
Rutgers,Virginia Tech,55%
Rutgers,Wisconsin,68%
Rutgers,Wright St,28%
Rutgers,Wyoming,67%
Rutgers,Yale,57%
S Dakota St,San Diego St,43%
S Dakota St,San Francisco,39%
S Dakota St,Seton Hall,42%
S Dakota St,St Mary's CA,47%
S Dakota St,St Peter's,71%
S Dakota St,TAM C. Christi,61%
S Dakota St,TCU,48%
S Dakota St,Tennessee,66%
S Dakota St,Texas,53%
S Dakota St,Texas Tech,59%
S Dakota St,TX Southern,65%
S Dakota St,UAB,37%
S Dakota St,UCLA,40%
S Dakota St,USC,66%
S Dakota St,Vermont,50%
S Dakota St,Villanova,60%
S Dakota St,Virginia Tech,50%
S Dakota St,Wisconsin,64%
S Dakota St,Wright St,23%
S Dakota St,Wyoming,64%
S Dakota St,Yale,54%
San Diego St,San Francisco,38%
San Diego St,Seton Hall,41%
San Diego St,St Mary's CA,46%
San Diego St,St Peter's,69%
San Diego St,TAM C. Christi,59%
San Diego St,TCU,46%
San Diego St,Tennessee,65%
San Diego St,Texas,52%
San Diego St,Texas Tech,57%
San Diego St,TX Southern,63%
San Diego St,UAB,35%
San Diego St,UCLA,38%
San Diego St,USC,63%
San Diego St,Vermont,49%
San Diego St,Villanova,57%
San Diego St,Virginia Tech,48%
San Diego St,Wisconsin,62%
San Diego St,Wright St,21%
San Diego St,Wyoming,62%
San Diego St,Yale,50%
San Francisco,Seton Hall,59%
San Francisco,St Mary's CA,66%
San Francisco,St Peter's,89%
San Francisco,TAM C. Christi,78%
San Francisco,TCU,66%
San Francisco,Tennessee,85%
San Francisco,Texas,71%
San Francisco,Texas Tech,76%
San Francisco,TX Southern,83%
San Francisco,UAB,55%
San Francisco,UCLA,57%
San Francisco,USC,82%
San Francisco,Vermont,67%
San Francisco,Villanova,77%
San Francisco,Virginia Tech,67%
San Francisco,Wisconsin,81%
San Francisco,Wright St,40%
San Francisco,Wyoming,80%
San Francisco,Yale,70%
Seton Hall,St Mary's CA,40%
Seton Hall,St Peter's,63%
Seton Hall,TAM C. Christi,53%
Seton Hall,TCU,40%
Seton Hall,Tennessee,59%
Seton Hall,Texas,46%
Seton Hall,Texas Tech,51%
Seton Hall,TX Southern,57%
Seton Hall,UAB,30%
Seton Hall,UCLA,33%
Seton Hall,USC,57%
Seton Hall,Vermont,43%
Seton Hall,Villanova,53%
Seton Hall,Virginia Tech,42%
Seton Hall,Wisconsin,56%
Seton Hall,Wright St,15%
Seton Hall,Wyoming,56%
Seton Hall,Yale,45%
St Mary's CA,St Peter's,82%
St Mary's CA,TAM C. Christi,72%
St Mary's CA,TCU,59%
St Mary's CA,Tennessee,78%
St Mary's CA,Texas,65%
St Mary's CA,Texas Tech,70%
St Mary's CA,TX Southern,76%
St Mary's CA,UAB,49%
St Mary's CA,UCLA,52%
St Mary's CA,USC,74%
St Mary's CA,Vermont,62%
St Mary's CA,Villanova,71%
St Mary's CA,Virginia Tech,61%
St Mary's CA,Wisconsin,74%
St Mary's CA,Wright St,34%
St Mary's CA,Wyoming,74%
St Mary's CA,Yale,62%
St Peter's,TAM C. Christi,57%
St Peter's,TCU,44%
St Peter's,Tennessee,63%
St Peter's,Texas,49%
St Peter's,Texas Tech,55%
St Peter's,TX Southern,62%
St Peter's,UAB,33%
St Peter's,UCLA,36%
St Peter's,USC,60%
St Peter's,Vermont,47%
St Peter's,Villanova,56%
St Peter's,Virginia Tech,46%
St Peter's,Wisconsin,60%
St Peter's,Wright St,19%
St Peter's,Wyoming,59%
St Peter's,Yale,49%
TAM C. Christi,TCU,51%
TAM C. Christi,Tennessee,69%
TAM C. Christi,Texas,56%
TAM C. Christi,Texas Tech,61%
TAM C. Christi,TX Southern,68%
TAM C. Christi,UAB,40%
TAM C. Christi,UCLA,42%
TAM C. Christi,USC,67%
TAM C. Christi,Vermont,53%
TAM C. Christi,Villanova,63%
TAM C. Christi,Virginia Tech,53%
TAM C. Christi,Wisconsin,67%
TAM C. Christi,Wright St,26%
TAM C. Christi,Wyoming,66%
TAM C. Christi,Yale,56%
TCU,Tennessee,52%
TCU,Texas,38%
TCU,Texas Tech,44%
TCU,TX Southern,50%
TCU,UAB,22%
TCU,UCLA,25%
TCU,USC,49%
TCU,Vermont,35%
TCU,Villanova,45%
TCU,Virginia Tech,34%
TCU,Wisconsin,49%
TCU,Wright St,8%
TCU,Wyoming,47%
TCU,Yale,37%
Tennessee,Texas,52%
Tennessee,Texas Tech,58%
Tennessee,TX Southern,64%
Tennessee,UAB,36%
Tennessee,UCLA,41%
Tennessee,USC,62%
Tennessee,Vermont,50%
Tennessee,Villanova,59%
Tennessee,Virginia Tech,49%
Tennessee,Wisconsin,62%
Tennessee,Wright St,21%
Tennessee,Wyoming,61%
Tennessee,Yale,50%
Texas,Texas Tech,68%
Texas,TX Southern,75%
Texas,UAB,47%
Texas,UCLA,50%
Texas,USC,74%
Texas,Vermont,60%
Texas,Villanova,70%
Texas,Virginia Tech,59%
Texas,Wisconsin,73%
Texas,Wright St,32%
Texas,Wyoming,74%
Texas,Yale,61%
Texas Tech,TX Southern,71%
Texas Tech,UAB,43%
Texas Tech,UCLA,49%
Texas Tech,USC,72%
Texas Tech,Vermont,57%
Texas Tech,Villanova,65%
Texas Tech,Virginia Tech,55%
Texas Tech,Wisconsin,69%
Texas Tech,Wright St,28%
Texas Tech,Wyoming,70%
Texas Tech,Yale,57%
TX Southern,UAB,36%
TX Southern,UCLA,39%
TX Southern,USC,63%
TX Southern,Vermont,49%
TX Southern,Villanova,58%
TX Southern,Virginia Tech,49%
TX Southern,Wisconsin,62%
TX Southern,Wright St,21%
TX Southern,Wyoming,62%
TX Southern,Yale,52%
UAB,UCLA,38%
UAB,USC,63%
UAB,Vermont,48%
UAB,Villanova,58%
UAB,Virginia Tech,48%
UAB,Wisconsin,62%
UAB,Wright St,20%
UAB,Wyoming,62%
UAB,Yale,51%
UCLA,USC,78%
UCLA,Vermont,65%
UCLA,Villanova,73%
UCLA,Virginia Tech,63%
UCLA,Wisconsin,77%
UCLA,Wright St,36%
UCLA,Wyoming,77%
UCLA,Yale,65%
USC,Vermont,28%
USC,Villanova,39%
USC,Virginia Tech,27%
USC,Wisconsin,40%
USC,Wright St,0%
USC,Wyoming,41%
USC,Yale,28%
Vermont,Villanova,51%
Vermont,Virginia Tech,41%
Vermont,Wisconsin,54%
Vermont,Wright St,13%
Vermont,Wyoming,53%
Vermont,Yale,43%
Villanova,Virginia Tech,68%
Villanova,Wisconsin,81%
Villanova,Wright St,40%
Villanova,Wyoming,82%
Villanova,Yale,70%
Virginia Tech,Wisconsin,75%
Virginia Tech,Wright St,34%
Virginia Tech,Wyoming,73%
Virginia Tech,Yale,63%
Wisconsin,Wright St,20%
Wisconsin,Wyoming,62%
Wisconsin,Yale,49%
Wright St,Wyoming,76%
Wright St,Yale,65%
Wyoming,Yale,30%
